Column_0	Column_1	Column_2	Column_3	Column_4	Column_5	Column_6	Column_7	Column_8	Column_9	Column_10	Column_11	Column_12	Column_13	Column_14
1	0	0.0	0.0	0.0	0.0	0.0	12	13	10	13	4	0		0
2	0	612096.0	0.0	998400.0	19200.0	25861.0	14	15	494	15	4	0		0
3	0	714810.0	0.0	987301.0	13924.0	19298.0	16	15	496	15	4	0		0
4	0	557760.0	0.0	966720.0	23040.0	28800.0	17	18	497	18	4	0		0
5	0	685440.0	-177.0	989760.0	11167.0	16362.0	19	20	463	20	4	0		0
6	0	725045.0	0.0	1021195.0	13922.0	20298.0	21	22	454	22	4	0		0
7	0	653065.0	0.0	897438.0	23773.0	29291.0	23	24	456	24	4	0		0
8	0	561600.0	0.0	1002240.0	25920.0	31680.0	17	25	497	25	4	0		0
9	0	614400.0	0.0	1094400.0	63744.0	72192.0	26	27	409	27	4	0		0
10	0	710400.0	9216.0	864000.0	12603.0	20050.0	28	24	493	24	4	0		0
11	0	644315.0	0.0	728689.0	14966.0	35446.0	29	13	499	13	4	0		0
12	0	724087.0	0.0	667736.0	13785.0	46868.0	30	31	10	31	4	0		0
13	0	648745.0	-389.0	618216.0	18900.0	54857.0	32	33	10	33	4	0		0
14	0	759016.75	818.08544921875	987938.5625	26782.0	30720.0	16	15	496	15	4	0		0
15	0	652489.5625	902.0947875976562	999862.0	24000.0	31658.0	14	15	494	15	4	0		0
16	0	666312.375	15687.8916015625	800207.6875	35975.20703125	43712.828125	34	35	406	35	2	0		0
17	0	687233.0	2345.0	1011162.0	11068.0	14613.0	19	20	463	20	4	0		0
18	0	664320.0	0.0	982080.0	6720.0	7680.0	14	15	494	15	4	0		0
19	0	702610.0	0.0	1047894.0	14178.0	19057.0	36	37	36	37	4	0		0
20	0	706944.0	0.0	901632.0	25344.0	29952.0	23	24	456	24	4	0		0
21	0	748800.0	0.0	856704.0	24882.0	29952.0	28	24	493	24	4	0		0
22	0	613629.0	8480.0	804810.0	26524.0	31670.0	34	35	406	35	2	0		0
23	0	597504.0	6912.0	841728.0	19200.0	20736.0	34	35	406	35	2	0		0
24	0	622848.0	5376.0	823296.0	20736.0	24576.0	34	35	406	35	2	0		0
25	0	716234.125	5376.0	822528.0	10580.0	23040.0	38	39	470	39	4	0		0
26	0	737280.0	0.0	807168.0	24576.0	39168.0	38	39	470	39	4	0		0
27	0	612864.0	0.0	516864.0	35446.0	51722.0	40	39	407	39	4	0		0
28	0	564790.0	0.0	604416.0	28996.0	65437.0	41	42	472	42	4	0		0
29	0	561408.0	0.0	537600.0	18808.0	30171.0	40	43	407	43	4	0		0
30	0	721019.0	0.0	547667.0	14890.0	22843.0	44	45	457	45	4	0		0
31	0	671928.0	0.0	553804.0	29170.0	38597.0	46	45	473	45	4	0		0
32	0	673462.0	0.0	510849.0	9846.0	21662.0	47	45	473	45	4	0		0
33	0	704256.0	0.0	527616.0	12209.0	16542.0	48	45	457	45	4	0		0
34	0	680017.0	767.0	579840.0	2035.0	3331.0	49	45	473	45	4	0		0
35	0	707752.0	0.0	575461.0	11815.0	22449.0	50	45	473	45	4	0		0
36	0	708480.0	0.0	610560.0	18024.0	31347.0	51	45	10	45	4	0		0
37	0	753792.0	0.0	604800.0	23902.0	40359.0	51	52	10	52	4	0		0
38	0	758650.0	0.0	584634.0	8612.0	11755.0	53	24	10	24	4	0		0
39	0	596846.0	0.0	1131107.0	5486.0	8229.0	26	27	409	27	4	0		0
40	0	601065.0	1663.0	986093.0	1279.0	2743.0	54	27	494	27	4	0		0
41	0	630428.0	0.0	990672.0	4702.0	9012.0	55	27	469	27	4	0		0
42	0	769336.0	0.0	520883.0	46080.0	59513.0	56	37	444	37	4	0		0
43	0	749492.0	5148.0	525102.0	6962.0	10136.0	57	37	457	37	4	0		0
44	0	631954.0	0.0	593793.0	9404.0	17241.0	427	45	422	45	2	0		0
45	0	659431.0	0.0	688803.0	4310.0	24294.0	30	45	10	45	4	0		0
46	0	747098.0	5369.0	504893.0	8271.0	14572.0	59	33	457	33	4	0		0
47	0	811530.0	3835.0	516986.0	6564.0	11028.0	57	31	457	31	4	0		0
48	0	737786.0	5369.0	475746.0	15360.0	20086.0	60	45	60	45	4	0		0
49	0	731145.0	4123.0	475480.0	2253.0	5908.0	61	45	61	45	4	0		0
50	0	674996.0	2027.0	912325.0	9058.0	12209.0	23	45	456	45	4	0		0
51	0	594662.0	2913.0	919693.0	2363.0	3043.0	62	24	10	24	4	0		0
52	0	592048.0	2553.0	916999.0	2255.0	3227.0	62	24	10	24	4	0		0
53	0	645849.0	2301.0	529258.0	9452.0	14572.0	40	24	407	24	4	0		0
54	0	115200.0	0.0	1094400.0	90585.0	95311.0	12	63	10	63	4	0		0
55	0	598018.0	-1969.0	665698.0	9641.0	12497.0	64	13	10	13	4	0		0
56	0	594410.0	6025.0	662270.0	3151.0	5120.0	65	66	10	66	4	0		0
57	0	671928.0	0.0	1044710.0	11028.0	21662.0	67	66	10	66	4	0		0
58	0	711814.0	0.0	734825.0	15360.0	48837.0	29	37	499	37	4	0		0
59	0	171183.0	-7285.0	1114234.0	5908.0	8341.0	68	27	10	27	4	0		0
60	0	162901.0	-8437.0	1115278.0	5393.0	8345.0	69	13	10	13	4	0		0
61	0	670740.0	6341.0	614555.0	3771.0	5554.0	70	71	10	71	4	0		0
62	0	724065.0	0.0	504713.0	9601.0	15360.0	59	13	457	13	4	0		0
63	0	757837.0	6903.0	628974.0	7877.0	10634.0	72	52	10	52	4	0		0
64	0	710172.0	0.0	1009426.0	5762.0	9058.0	21	45	454	45	4	0		0
65	0	737462.0	1703.0	1009584.0	4436.0	8271.0	21	45	454	45	4	0		0
66	0	722481.0	997.0	1003218.0	3151.0	7483.0	21	22	454	22	4	0		0
67	0	728977.0	-241.0	1041188.0	6302.0	11422.0	21	22	454	22	4	0		0
68	0	730223.0	0.0	977210.0	5514.0	8665.0	16	22	496	22	4	0		0
69	0	716560.0	5441.0	1018703.0	1575.0	2757.0	74	15	74	15	4	0		0
70	0	1180800.0	0.0	1180800.0	23237.0	33871.0	75	15	10	15	4	0		0
71	0	698894.0	4051.0	994085.0	2253.0	3581.0	76	22	465	22	4	0		0
72	0	673570.0	7565.0	858452.0	13785.0	20376.0	77	78	471	78	4	0		0
73	0	644315.0	8437.0	857552.0	12209.0	18221.0	77	24	471	24	4	0		0
74	0	685555.0	12694.0	877531.0	1611.0	3545.0	77	24	471	24	4	0		0
75	0	690783.0	10071.0	842809.0	2757.0	4726.0	77	24	471	24	4	0		0
76	0	650451.0	14574.0	874427.0	7089.0	11028.0	77	24	471	24	4	0		0
77	0	593586.0	0.0	931236.0	15043.0	17814.0	79	24	578	24	3	0		0
78	0	679959.0	4281.0	888284.0	8665.0	12209.0	23	13	456	13	4	0		0
79	0	764679.0	4231.0	493268.0	4472.0	5372.0	80	24	10	24	3	0		0
80	0	790075.0	3705.0	491014.0	8665.0	9846.0	81	13	10	13	4	0		0
81	0	747840.0	3079.0	561222.0	4502.0	7706.0	82	37	444	37	4	0		0
82	509	0.0	0.0	0.0	0.0	0.0	394	391	8	11	3	0		0
83	469	0.0	0.0	0.0	0.0	0.0	85	86	10	11	5	0		0
84	269	0.0	0.0	0.0	0.0	0.0	87	88	10	11	4	0		0
85	269	358975.0	0.0	681600.0	19200.0	28800.0	89	90	89	90	4	0		0
86	269	586091.0	-1609.0	533861.0	15830.0	52775.0	91	92	91	92	4	0		0
87	269	598292.0	0.0	500111.0	14572.0	16542.0	93	94	10	11	4	0		0
88	269	573113.0	1163.0	507341.0	13238.0	14966.0	93	94	10	11	4	0		0
89	269	555446.0	0.0	514004.0	12031.0	13854.0	93	94	10	11	4	0		0
90	269	538441.0	0.0	528000.0	11445.0	13785.0	93	94	10	11	4	0		0
91	269	544563.0	0.0	550340.0	11059.0	13467.0	93	94	10	11	4	0		0
92	269	571529.0	0.0	569001.0	19298.0	21662.0	93	94	10	11	4	0		0
93	269	607785.0	0.0	573149.0	17723.0	20086.0	93	94	10	11	4	0		0
94	269	624529.0	0.0	552270.0	13461.0	15754.0	93	94	10	11	4	0		0
95	269	627440.0	0.0	524656.0	14966.0	17329.0	93	94	10	11	4	0		0
96	269	613633.0	0.0	513918.0	14178.0	16935.0	93	95	10	11	4	0		0
97	36	0.0	0.0	0.0	0.0	0.0	96	97	10	11	4	0		0
98	36	557760.0	0.0	966720.0	23040.0	28800.0	98	99	10	11	4	0		0
99	36	633600.0	0.0	623232.0	50688.0	64512.0	100	101	10	11	4	0		0
179	429	0.0	0.0	0.0	0.0	0.0	175	176	10	11	4	0		0
180	429	643357.0	0.0	980805.0	6765.0	7701.0	177	178	10	11	4	0		0
181	429	-21633.0	0.0	-27989.0	10151.0	13391.0	179	180	10	11	3	0		0
182	429	-9005.0	0.0	-13879.0	6302.0	6302.0	181	176	10	11	4	0		0
183	429	253.0	0.0	-14012.0	4940.0	6515.0	181	176	10	11	4	0		0
184	429	-12799.0	0.0	-539.0	7123.0	8415.0	182	183	10	11	4	0		0
185	429	-28709.0	0.0	1289.0	7343.0	7735.0	184	183	10	11	4	0		0
186	429	16378.0	-1897.0	-10841.0	6191.0	6740.0	185	186	10	11	4	0		0
187	169	610565.0	0.0	501645.0	25994.0	39778.0	187	188	10	11	4	0		0
188	169	681133.0	-3835.0	699542.0	31902.0	41354.0	189	188	10	11	4	0		0
189	169	547200.0	0.0	566400.0	55138.0	72074.0	190	188	10	11	4	0		0
190	169	499200.0	0.0	748800.0	40960.0	51594.0	191	188	10	11	4	0		0
191	1	0.0	0.0	0.0	0.0	0.0	192	193	10	193	3	0		0
192	1	629766.0	9971.0	524656.0	17723.0	29538.0	194	195	492	195	4	0		0
193	1	701018.0	0.0	610025.0	21268.0	46334.0	196	197	477	197	3	0		0
194	1	558384.0	875.0	673030.0	25994.0	32435.0	198	199	478	199	3	0		0
195	1	773178.0	0.0	923518.0	63015.0	72468.0	200	201	420	201	2	0		0
196	1	725621.0	9972.0	329828.0	33477.0	44505.0	202	203	482	203	4	0		0
197	1	579883.0	0.0	428009.0	42535.0	54351.0	204	193	426	193	4	0		0
198	1	751680.0	-5760.0	744960.0	40566.0	54720.0	205	206	495	206	4	0		0
199	1	609989.0	-5851.0	350829.0	27175.0	44111.0	204	207	426	207	4	0		0
200	1	567744.0	18816.0	244416.0	56448.0	75264.0	208	209	453	209	4	0		0
201	1	627456.0	0.0	658176.0	24812.0	40704.0	210	201	449	201	3	0		0
202	1	636672.0	1536.0	712704.0	26015.0	38400.0	210	211	449	211	3	0		0
203	1	803859.0	0.0	633576.0	40172.0	63015.0	212	201	451	201	4	0		0
204	1	788880.0	0.0	572119.0	36833.0	55680.0	212	213	451	11	4	0		0
205	1	736684.0	0.0	663948.0	16148.0	31508.0	214	215	477	215	3	0		0
206	1	694939.0	0.0	688803.0	20874.0	34186.0	214	215	477	215	3	0		0
207	1	683229.0	2301.0	736360.0	12025.0	20874.0	214	195	477	195	3	0		0
208	1	666620.0	-2985.0	532327.0	23631.0	40960.0	194	195	492	195	4	0		0
209	1	705678.0	0.0	526190.0	33083.0	50018.0	194	216	492	216	4	0		0
210	1	741992.0	0.0	489372.0	11379.0	26782.0	194	216	492	216	4	0		0
211	1	654765.0	0.0	780726.0	16542.0	22127.0	217	216	484	216	3	0		0
212	1	671820.0	0.0	794547.0	16296.0	17329.0	217	203	484	203	3	0		0
213	1	725621.0	0.0	814598.0	9846.0	18117.0	217	203	484	203	3	0		0
214	1	655053.0	6903.0	460225.0	17329.0	34265.0	218	203	480	203	4	0		0
215	1	636644.0	12334.0	421873.0	13391.0	22843.0	218	219	480	219	4	0		0
216	1	668860.0	11096.0	391191.0	25994.0	34265.0	218	219	480	219	4	0		0
217	1	610565.0	0.0	783916.0	21662.0	37415.0	220	221	425	221	4	0		0
218	1	731965.0	767.0	551348.0	8273.0	13001.0	222	223	222	223	4	0		0
219	1	525722.0	42187.0	255638.0	13215.0	17365.0	224	225	453	225	3	0		0
220	1	656573.0	0.0	724087.0	8665.0	12997.0	226	223	450	223	3	0		0
221	1	727155.0	0.0	576815.0	5120.0	9099.0	227	228	10	228	3	0		0
222	1	573775.0	0.0	799257.0	23298.0	33871.0	220	221	425	221	4	0		0
223	1	693405.0	7789.0	602930.0	4726.0	8300.0	229	219	10	219	3	0		0
224	1	635794.0	0.0	617025.0	10634.0	23063.0	230	207	483	207	4	0		0
225	1	619445.0	0.0	573711.0	18905.0	25600.0	232	213	483	213	4	0		0
226	1	556872.0	0.0	584485.0	11815.0	23631.0	232	233	483	233	4	0		0
227	1	581403.0	-169.0	555410.0	15754.0	21662.0	234	235	483	235	4	0		0
228	1	567754.0	0.0	521588.0	17219.0	23914.0	236	237	483	237	4	0		0
229	1	550736.0	0.0	485138.0	18551.0	36628.0	238	193	492	193	4	0		0
230	1	754769.0	0.0	837609.0	14966.0	31902.0	239	240	485	240	2	0		0
231	1	707882.0	0.0	746054.0	5408.0	10240.0	205	207	495	207	4	0		0
232	1	633346.0	11124.0	439468.0	3722.0	5258.0	241	242	480	242	4	0		0
233	1	628974.0	13954.0	440916.0	2939.0	4726.0	243	203	480	203	4	0		0
234	1	665792.0	2301.0	711814.0	3938.0	5514.0	210	244	449	244	3	0		0
235	1	719031.0	6903.0	558406.0	5730.0	6482.0	222	223	222	223	4	0		0
236	1	686801.0	767.0	802073.0	14178.0	18013.0	217	211	484	211	3	0		0
237	1	707212.0	0.0	811530.0	16874.0	19161.0	217	245	484	245	3	0		0
238	1	857948.0	0.0	486556.0	53957.0	70105.0	246	207	458	207	4	0		0
239	1	770109.0	0.0	545867.0	16542.0	18117.0	247	215	452	215	4	0		0
240	1	512860.0	0.0	793121.0	27963.0	39385.0	248	207	425	207	4	0		0
241	1	535395.0	-9972.0	730223.0	24812.0	31508.0	249	219	425	219	4	0		0
242	1	808461.0	0.0	851416.0	19404.0	28751.0	200	219	420	219	2	0		0
243	1	724087.0	0.0	879029.0	14178.0	21268.0	200	250	420	250	2	0		0
244	1	712664.0	0.0	846669.0	16935.0	20874.0	200	251	420	251	2	0		0
245	1	708746.0	0.0	932722.0	14966.0	25600.0	200	201	420	201	2	0		0
246	1	564542.0	0.0	635110.0	20480.0	38597.0	198	199	478	199	3	0		0
247	1	790052.0	0.0	505131.0	33659.0	41000.0	246	207	458	207	4	0		0
248	1	661982.0	-2301.0	878727.0	35446.0	45195.0	252	207	411	207	4	0		0
249	1	578047.0	0.0	874427.0	34265.0	46055.0	253	207	408	207	3	0		0
250	1	489372.0	0.0	836075.0	32295.0	48049.0	254	207	425	207	4	0		0
251	1	780848.0	0.0	908177.0	7483.0	11422.0	255	206	420	206	4	0		0
252	1	724483.0	0.0	920953.0	1287.0	2719.0	200	250	420	250	2	0		0
253	1	777326.0	0.0	752636.0	10634.0	16794.0	256	257	495	257	4	0		0
254	1	604500.0	4375.0	533357.0	6119.0	9092.0	258	259	492	259	4	0		0
255	1	664114.0	-9972.0	857494.0	16148.0	28357.0	419	251	417	251	4	0		0
256	1	687233.0	-9972.0	889206.0	8878.0	17255.0	252	207	411	207	4	0		0
257	1	648831.0	-9972.0	892836.0	9158.0	16542.0	252	207	411	207	4	0		0
258	1	555937.5	1769.1336669921875	919140.125	11981.43359375	29501.494140625	253	261	408	261	3	0		0
259	1	763973.0	17642.0	354373.0	44505.0	49625.0	262	263	424	263	2	0		0
260	1	728689.0	20710.0	385091.0	25600.0	33871.0	262	264	424	264	2	0		0
261	1	786984.0	26212.0	407814.0	22449.0	27569.0	262	257	424	257	2	0		0
262	1	703964.0	36051.0	453108.0	11890.0	14966.0	265	257	481	257	4	0		0
263	1	678447.0	45255.0	430465.0	7015.0	8667.0	265	259	481	259	4	0		0
264	1	762439.0	19176.0	331362.0	16148.0	20874.0	262	266	424	266	2	0		0
265	1	720011.0	53300.0	417918.0	13391.0	16542.0	267	219	481	219	4	0		0
266	1	708976.0	51392.0	415700.0	6302.0	9058.0	267	219	481	219	4	0		0
267	1	495509.0	0.0	750166.0	11815.0	15360.0	248	207	425	207	4	0		0
268	1	546947.0	0.0	754921.0	9601.0	14572.0	249	219	425	219	4	0		0
269	1	596758.0	-3835.0	277669.0	28357.0	43717.0	268	213	453	213	4	0		0
270	1	775000.0	31449.0	447484.0	11858.0	16866.0	269	213	269	213	2	0		0
271	1	27613.0	-14574.0	29148.0	22449.0	31114.0	270	213	10	11	4	0		0
272	1	765175.0	36051.0	457854.0	10634.0	12965.0	269	271	269	271	2	0		0
273	1	684201.0	2301.0	613345.0	4301.0	6695.0	272	271	10	271	3	0		0
274	1	719701.0	2099.0	659007.0	4332.0	8665.0	272	213	10	213	3	0		0
275	1	690243.0	2661.0	652223.0	4262.0	8059.0	272	271	10	271	3	0		0
276	1	690337.0	767.0	776246.0	6302.0	8665.0	273	274	10	274	3	0		0
277	1	703690.0	2063.0	784550.0	6302.0	9236.0	275	263	10	263	3	0		0
278	1	622801.0	0.0	845495.0	7089.0	11028.0	253	207	408	207	3	0		0
279	1	639568.0	-6903.0	845481.0	5908.0	11028.0	252	207	411	207	4	0		0
280	1	681169.0	0.0	761993.0	16148.0	22843.0	214	271	477	271	3	0		0
281	1	694499.0	2589.0	783916.0	1681.0	2755.0	275	271	10	271	3	0		0
282	1	688875.0	-10102.0	864754.0	4589.0	7089.0	252	276	411	276	4	0		0
283	1	678208.0	-10116.0	867953.0	5656.0	8271.0	252	259	411	259	4	0		0
284	1	667362.0	-10152.0	861002.0	4510.0	6371.0	252	257	411	257	4	0		0
285	1	660542.0	-9864.0	863976.0	644.0	2039.0	252	216	411	216	4	0		0
286	1	653663.0	-10498.0	866397.0	4618.0	6302.0	252	277	411	277	4	0		0
287	1	651733.0	-10332.0	856184.0	3938.0	5514.0	252	257	411	257	4	0		0
288	1	646209.0	-10376.0	852950.0	2573.0	4294.0	252	257	411	257	4	0		0
289	1	662472.0	-5369.0	323691.0	13391.0	31508.0	204	257	426	257	4	0		0
290	1	641246.0	11506.0	400396.0	7089.0	12603.0	218	257	480	257	4	0		0
291	1	632042.0	9972.0	452554.0	4332.0	12603.0	218	257	480	257	4	0		0
292	1	569253.0	6557.0	607497.0	3725.0	6749.0	278	257	10	257	3	0		0
293	1	587878.0	2877.0	619589.0	4332.0	7585.0	279	257	10	257	3	0		0
294	1	649047.0	6449.0	510237.0	3441.0	6695.0	280	201	492	201	4	0		0
295	1	624372.0	2301.0	539601.0	5908.0	10240.0	281	282	492	282	4	0		0
296	1	733593.0	3835.0	526824.0	9315.0	11959.0	283	282	492	282	4	0		0
297	1	547667.0	2805.0	607497.0	4726.0	10634.0	284	285	478	285	3	0		0
298	1	526154.0	3835.0	693873.0	7123.0	12815.0	284	223	478	223	3	0		0
299	1	632042.0	2301.0	497043.0	6626.0	12209.0	286	219	492	219	4	0		0
300	1	617803.0	0.0	480168.0	9099.0	16224.0	287	219	492	219	4	0		0
301	1	597334.0	0.0	497201.0	10240.0	17750.0	287	203	492	203	4	0		0
302	1	789931.0	36051.0	443350.0	5120.0	7089.0	269	206	269	206	2	0		0
303	1	789728.0	29015.0	408880.0	1110.0	3041.0	288	206	424	206	2	0		0
304	1	794201.0	30801.0	412668.0	3545.0	5514.0	288	206	424	206	2	0		0
305	1	590802.0	4901.0	683927.0	5658.0	7017.0	289	193	10	193	3	0		0
306	1	517994.0	2279.0	660015.0	10634.0	15324.0	290	193	478	193	3	0		0
307	1	546133.0	1451.0	682869.0	5514.0	9452.0	291	203	10	203	3	0		0
308	1	551622.0	241.0	833209.0	10634.0	13391.0	292	293	408	293	4	0		0
309	1	518520.0	-349.0	612099.0	7877.0	12603.0	294	271	478	271	3	0		0
310	1	593344.0	3727.0	597046.0	4610.0	6335.0	230	207	483	207	4	0		0
311	1	579955.0	2949.0	579343.0	5192.0	8097.0	230	207	483	207	4	0		0
312	1	731469.0	4339.0	508703.0	5410.0	6382.0	295	206	492	206	4	0		0
313	1	595404.0	1811.0	520616.0	5620.0	9454.0	295	293	492	292	4	0		0
314	1	600978.0	-1091.0	850840.0	19303.0	19303.0	253	261	408	261	3	0		0
315	1	556260.0	407.0	857444.0	2399.0	3151.0	296	207	408	207	3	0		0
316	1	572465.0	0.0	866050.0	2075.0	2757.0	296	207	408	207	3	0		0
317	1	545355.0	-133.0	900592.0	4510.0	5514.0	296	207	408	207	3	0		0
318	44	0.0	0.0	0.0	0.0	0.0	297	298	10	11	4	0		0
319	189	0.0	0.0	0.0	0.0	0.0	299	300	10	11	4	0		0
320	249	0.0	0.0	0.0	0.0	0.0	301	302	10	11	4	0		0
321	30	0.0	0.0	0.0	0.0	0.0	303	304	10	304	2	0		0
322	37	610565.0	0.0	501645.0	25994.0	39778.0	305	306	10	11	4	0		0
323	489	610565.0	0.0	501645.0	25994.0	39778.0	307	308	10	11	4	0		0
324	489	561214.0	9634.0	562009.0	7661.0	10382.0	307	308	10	11	4	0		0
325	489	561826.0	11254.0	580871.0	7733.0	10634.0	309	310	10	11	3	0		0
326	529	0.0	0.0	0.0	0.0	0.0	311	312	10	11	4	0		0
327	529	580378.0	0.0	580378.0	28357.0	38400.0	313	314	10	11	4	0		0
328	129	610565.0	0.0	501645.0	25994.0	39778.0	315	316	10	11	4	0		0
329	129	576000.0	0.0	537600.0	38400.0	57600.0	317	316	10	11	4	0		0
330	47	0.0	0.0	0.0	0.0	0.0	318	319	10	11	4	0		0
331	47	557760.0	0.0	966720.0	23040.0	28800.0	318	319	10	11	4	0		0
332	47	633600.0	0.0	623232.0	50688.0	64512.0	318	319	10	11	4	0		0
333	289	0.0	0.0	0.0	0.0	0.0	320	321	10	11	4	0		0
334	289	358975.0	0.0	681600.0	19200.0	28800.0	322	323	10	11	4	0		0
335	289	610565.0	-1609.0	610565.0	38597.0	38597.0	324	325	10	11	4	0		0
336	33	753792.0	0.0	604800.0	23902.0	40359.0	326	327	10	11	4	0		0
337	33	543065.0	0.0	616701.0	44898.0	48000.0	328	329	10	11	4	0		0
338	35	0.0	0.0	0.0	0.0	0.0	330	331	10	11	4	0		0
339	35	557760.0	0.0	966720.0	23040.0	28800.0	332	333	10	11	4	0		0
340	35	633600.0	0.0	623232.0	50688.0	64512.0	334	335	10	11	4	0		0
341	329	0.0	0.0	0.0	0.0	0.0	336	337	10	11	4	0		0
342	329	358975.0	0.0	681600.0	19200.0	28800.0	338	339	10	11	4	0		0
343	329	682667.0	-1609.0	1044710.0	59077.0	87040.0	340	341	10	11	4	0		0
344	209	610565.0	0.0	501645.0	25994.0	39778.0	342	343	10	11	4	0		0
345	209	575281.0	0.0	550736.0	19200.0	27569.0	344	345	10	11	4	0		0
346	13	0.0	0.0	0.0	0.0	0.0	346	347	10	11	4	0		0
347	13	614016.0	0.0	999168.0	18432.0	20736.0	348	349	10	11	4	0		0
348	13	715968.0	0.0	985344.0	17280.0	20160.0	350	349	10	11	4	0		0
349	13	736320.0	0.0	806400.0	25920.0	28800.0	351	349	10	11	4	0		0
350	13	566400.0	0.0	976320.0	16320.0	19680.0	352	349	10	11	4	0		0
351	13	683904.0	5760.0	991104.0	10752.0	13056.0	353	349	10	11	4	0		0
352	13	722304.0	0.0	1031808.0	17280.0	21888.0	354	349	10	11	4	0		0
353	13	670080.0	768.0	564480.0	15744.0	17664.0	355	349	10	11	4	0		0
354	13	652800.0	0.0	879744.0	36864.0	40320.0	356	349	10	11	4	0		0
355	13	571584.0	0.0	998400.0	18432.0	21888.0	357	349	10	11	4	0		0
356	13	614400.0	0.0	1094400.0	63744.0	72192.0	358	349	10	11	4	0		0
357	13	652800.0	0.0	998400.0	17664.0	21504.0	359	349	10	11	4	0		0
358	13	633600.0	0.0	998400.0	18432.0	22272.0	359	349	10	11	4	0		0
359	13	676800.0	19008.0	816000.0	19008.0	24768.0	360	349	10	11	4	0		0
360	13	710400.0	9216.0	864000.0	21120.0	24576.0	361	349	10	11	4	0		0
361	13	683520.0	0.0	751872.0	23040.0	61440.0	362	349	10	11	4	0		0
362	13	710400.0	0.0	691200.0	19968.0	23040.0	363	349	10	11	4	0		0
363	13	633600.0	0.0	633600.0	17664.0	19200.0	364	349	10	11	4	0		0
364	13	569856.0	3456.0	622848.0	14592.0	18432.0	365	349	10	11	4	0		0
365	309	0.0	0.0	0.0	0.0	0.0	366	367	10	11	4	0		0
366	309	358975.0	0.0	681600.0	19200.0	28800.0	368	369	10	11	4	0		0
367	309	682667.0	-1609.0	1044710.0	59077.0	87040.0	370	371	10	11	4	0		0
368	309	660910.0	1847.0	1030041.0	4546.0	5586.0	372	371	10	11	4	0		0
369	309	673915.0	479.0	1038939.0	3655.0	4978.0	373	371	10	11	4	0		0
370	309	668872.0	1343.0	1038158.0	1398.0	2615.0	373	371	10	11	4	0		0
371	309	681996.0	2373.0	1042517.0	1863.0	2365.0	374	375	10	11	4	0		0
372	309	681564.0	1941.0	1044738.0	1326.0	1897.0	374	376	10	11	4	0		0
374	530	0.0	0.0	0.0	0.0	0.0	379	380	503	380	2	0		0
377	530	471893.15625	1043.82177734375	622067.75	42304.203125	46230.8984375	384	385	384	11	4	0		0
378	530	885908.9375	5039.94873046875	331733.5	11413.2880859375	15770.162109375	399	383	399	383	4	0		0
379	532	0.0	0.0	0.0	0.0	0.0	386	387	10	11	4	0		0
415	531	0.0	0.0	0.0	479.6041564941406	837.261962890625	394	392	394	392	3	0		0
418	530	293487.0	-326.2685546875	706311.25	65647.0390625	76035.09375	396	491	396	491	3	0		0
439	530	836808.4375	986.5574951171875	321875.0625	4648.1337890625	9623.3212890625	399	383	399	383	3	0		0
443	530	844870.9375	1345.17529296875	394838.53125	67991.8671875	73033.8828125	399	383	399	383	4	0		0
450	530	840546.25	2663.928466796875	386273.28125	15266.3330078125	18638.26953125	433	9	407	11	3	0		0
451	530	436394.6875	-3753.116455078125	735553.1875	21360.484375	27643.5234375	500	9	500	11	3	0		0
453	530	1005894.875	1812.1884765625	682951.0625	6444.525390625	10743.3515625	488	505	488	505	3	0		0
454	530	1070309.125	459.0087890625	798701.5	75390.40625	89410.578125	460	439	502	439	3	0		0
455	530	383337.625	94.24907684326172	510160.9375	57491.6796875	71907.640625	438	9	438	11	3	0		0
458	530	425478.65625	-1658.0985107421875	680243.875	26052.6171875	31068.568359375	435	441	435	441	3	0		0
460	530	382782.4375	823.0626220703125	607303.125	25236.37109375	30991.41796875	432	506	432	506	3	0		0
462	530	341520.78125	1498.885986328125	601310.5	27441.0546875	32466.373046875	432	506	432	506	3	0		0
465	530	844677.875	2820.701171875	317673.46875	4027.412109375	7894.37255859375	399	383	399	383	3	0		0
466	530	860997.375	2519.655029296875	334125.8125	8393.2568359375	14778.421875	399	383	399	383	4	0		0
467	530	856108.6875	36.96076965332031	265578.03125	10322.4326171875	13306.521484375	442	380	442	380	3	0		0
468	530	487940.03125	2158.5224609375	608494.75	4902.1142578125	6667.0458984375	446	518	446	518	3	0		0
469	530	490302.1875	2254.59765625	599578.625	5471.6044921875	7923.32080078125	446	518	446	518	3	0		0
470	530	861560.875	583.9383544921875	272467.59375	6400.01953125	8946.703125	442	380	442	380	3	0		0
471	530	861455.75	579.879638671875	255719.703125	5059.7021484375	6946.4521484375	442	380	442	380	3	0		0
472	530	900592.3125	5967.650390625	367471.5	15745.0068359375	25241.220703125	448	383	448	383	3	0		0
474	530	849266.0	3509.3427734375	386174.09375	6610.6923828125	6610.6923828125	433	9	407	11	3	0		0
493	543	0.0	0.0	0.0	45.26771545410156	95.8054428100586	384	385	384	11	3	0		0
496	530	1032329.375	418.64013671875	664830.1875	47304.96484375	59722.97265625	487	505	488	486	3	0		0
498	530	1046923.8125	986.3170776367188	700536.125	6813.4833984375	9884.9208984375	436	505	488	486	3	0		0
500	530	366134.625	5116.2802734375	487712.78125	16178.888671875	20574.705078125	504	9	504	11	3	0		0
501	530	1015400.5	2663.5693359375	669921.5625	3724.390869140625	7222.005859375	488	505	488	505	3	0		0
502	530	531684.9375	557.2384033203125	482203.3125	69625.4296875	83487.9296875	508	553	508	553	3	0		0
503	530	397738.0625	5034.01904296875	546559.8125	8126.57861328125	10445.73828125	504	9	504	11	3	0		0
504	530	383291.8125	2964.334716796875	719429.25	3626.53271484375	6005.43310546875	510	491	510	491	3	0		0
505	530	824990.875	-125.5666732788086	330034.0	10332.3505859375	13135.447265625	399	383	399	383	3	0		0
506	530	419353.5	4954.14013671875	498448.15625	7355.44091796875	9538.287109375	504	441	504	441	3	0		0
507	530	415141.3125	5264.041015625	508108.1875	7355.44091796875	9538.287109375	504	441	504	441	3	0		0
509	530	397517.4375	5312.1494140625	531174.1875	8220.544921875	11441.482421875	504	9	504	11	3	0		0
510	530	367150.6875	5816.78271484375	544264.875	7293.35205078125	12212.462890625	525	225	525	225	3	0		0
512	530	302989.59375	86.2471923828125	591812.125	38896.8125	43866.5	432	506	432	506	3	0		0
515	553	0.0	0.0	0.0	28948.283203125	28948.283203125	521	9	521	11	3	0		0
519	530	578679.3125	3366.615234375	752056.625	52140.375	61880.66015625	513	526	513	526	3	0		0
520	530	549613.25	3792.486328125	623704.125	64031.359375	72055.3828125	384	385	384	11	4	0		0
521	530	490813.71875	6140.7685546875	659193.5625	10303.1884765625	15160.021484375	384	385	384	11	4	0		0
523	530	426426.84375	844.2568359375	615486.1875	6369.45947265625	8740.990234375	432	506	432	506	3	0		0
526	530	301467.125	664.7279663085938	616657.9375	5709.19482421875	8989.6669921875	516	506	516	506	3	0		0
527	530	296055.15625	751.6093139648438	616357.75	5709.19482421875	9246.2919921875	516	506	516	506	3	0		0
528	530	406494.03125	-855.6018676757812	633003.6875	22871.84375	27213.048828125	432	506	432	506	3	0		0
531	530	394805.21875	1050.0645751953125	649905.75	8158.748046875	11330.5517578125	432	506	432	506	3	0		0
533	530	484203.90625	1223.4852294921875	671232.0625	6201.453125	10089.8828125	384	385	384	11	4	0		0
536	530	349582.15625	145.79745483398438	699538.5	47587.2265625	58809.11328125	396	491	396	491	3	0		0
539	530	362220.5625	-321.10931396484375	653279.4375	17525.78515625	24894.2578125	396	491	396	491	3	0		0
540	530	281024.875	2533.487060546875	679893.1875	5485.15576171875	7512.29931640625	555	519	555	519	3	0		0
541	530	290188.34375	-425.8679504394531	660469.6875	4702.1767578125	7928.36572265625	555	519	555	519	3	0		0
542	530	286225.875	2624.508544921875	654256.4375	2968.8916015625	3749.75830078125	555	519	555	519	3	0		0
543	550	0.0	0.0	0.0	109.71174621582031	441.66632080078125	521	9	521	11	3	0		0
544	554	0.0	0.0	0.0	103.55294799804688	495.01251220703125	521	9	521	11	3	0		0
545	552	0.0	0.0	0.0	95.94062805175781	517.7518310546875	521	9	521	11	3	0		0
547	530	969646.0625	-18560.294921875	736379.3125	7893.22705078125	13506.8359375	522	9	10	11	3	0		0
548	530	969651.4375	-18335.51953125	766485.625	15133.7080078125	20533.845703125	525	9	10	11	3	0		0
570	530	455420.96875	244.31781005859375	685855.5625	22435.658203125	26159.83984375	435	441	435	441	3	0		0
577	530	493162.65625	35.241844177246094	697705.0625	16774.966796875	20967.79296875	435	441	435	441	3	0		0
578	530	483861.46875	9188.3125	747154.6875	18295.84765625	24574.26953125	435	441	435	441	3	0		0
579	530	474874.1875	97.1351089477539	712717.1875	11529.296875	16505.48828125	435	441	435	441	3	0		0
582	530	367246.40625	5057.2109375	553475.0625	5273.1748046875	7232.11474609375	525	225	525	225	3	0		0
584	530	465268.6875	3386.21728515625	653648.0	5501.13037109375	7215.912109375	527	441	527	11	3	0		0
586	530	438851.78125	1066.5787353515625	623139.3125	10913.998046875	13016.517578125	384	385	384	11	3	0		0
591	566	0.0	0.0	0.0	5.191247940063477	722.5514526367188	532	9	532	11	3	0		0
592	564	0.0	0.0	0.0	20.67740249633789	263.4612731933594	604	306	604	306	3	0		0
595	530	427873.90625	787.8198852539062	646124.1875	7088.2548828125	8076.009765625	432	506	432	506	3	0		0
596	530	468801.375	3459.30029296875	659796.875	3375.4345703125	3953.466552734375	527	441	527	11	3	0		0
602	530	458604.46875	182.75616455078125	754521.0	2304.36669921875	3056.558349609375	565	441	564	441	3	0		0
604	530	496956.75	111.68479919433594	701038.125	500.9665222167969	1944.4832763671875	511	441	511	441	3	0		0
605	530	498011.21875	-121.5215835571289	698842.1875	1308.6373291015625	1944.4832763671875	511	441	511	441	3	0		0
606	530	497520.5	-32.369239807128906	696935.75	500.9665222167969	1944.4832763671875	511	441	511	441	3	0		0
609	530	499153.90625	61.513214111328125	700716.3125	500.9665222167969	1944.4832763671875	511	441	511	441	3	0		0
610	530	496095.46875	-23.0135555267334	698961.1875	500.9665222167969	1944.4832763671875	511	441	511	441	3	0		0
611	568	0.0	0.0	0.0	11.360696792602539	11.360696792602539	448	345	448	345	3	0		0
612	542	0.0	0.0	0.0	9.801494598388672	10.0	384	9	384	11	3	0		0
623	530	436860.96875	-2290.06396484375	770771.9375	18125.796875	23037.20703125	500	441	500	441	3	0		0
625	530	459241.59375	-744.30224609375	731395.4375	7389.65869140625	10982.646484375	500	9	500	11	3	0		0
627	530	413409.0625	10.486842155456543	718623.4375	9147.8359375	12238.58203125	500	9	500	11	3	0		0
628	530	441499.28125	123.31767272949219	714259.0625	6622.3828125	10141.892578125	500	9	500	11	3	0		0
629	530	453818.59375	-644.2352294921875	719574.5625	5490.33984375	11095.8310546875	500	9	500	11	3	0		0
631	530	431846.125	3906.72314453125	599822.25	6204.10498046875	9396.9560546875	514	506	514	506	3	0		0
633	530	420093.3125	271.1430358886719	599916.3125	7252.10888671875	11082.80859375	514	506	514	506	3	0		0
636	530	417894.5	-369.10882568359375	589980.1875	7252.10888671875	11082.80859375	514	506	514	506	3	0		0
637	530	428675.75	758.697265625	582877.625	9915.138671875	14935.3525390625	514	506	514	506	3	0		0
638	530	410000.5625	892.9506225585938	583956.6875	4695.3125	10040.220703125	514	506	514	506	3	0		0
639	555	0.0	0.0	0.0	37.207218170166016	500.0	500	9	500	11	3	0		0
640	556	0.0	0.0	0.0	32.28095626831055	32.607017517089844	500	9	500	11	3	0		0
641	557	0.0	0.0	0.0	99.00250244140625	123.89327239990234	500	9	500	11	3	0		0
642	558	0.0	0.0	0.0	9.900248527526855	10.0	500	9	500	11	3	0		0
643	530	507564.875	-166.9309539794922	663281.5	3233.513671875	4494.12158203125	533	9	533	11	3	0		0
645	530	502701.0	-2314.725341796875	668529.375	4761.26318359375	7240.7021484375	533	9	533	11	3	0		0
646	530	560657.8125	576.207275390625	655540.8125	4490.80712890625	5917.51220703125	534	9	533	11	3	0		0
647	530	558247.875	1052.100341796875	648967.6875	4228.5771484375	5409.51025390625	534	9	533	11	3	0		0
648	530	557646.8125	1255.355224609375	643148.8125	4075.998291015625	5376.54345703125	534	9	533	11	3	0		0
650	530	502024.90625	1200.3123779296875	661353.375	2113.903564453125	2893.369873046875	533	9	533	11	3	0		0
651	530	534494.375	10810.75	581054.625	6565.83984375	8354.35546875	446	518	446	518	3	0		0
652	530	526499.125	10361.1435546875	584869.8125	6565.83984375	8354.35546875	446	9	446	11	3	0		0
653	530	535786.9375	4284.22509765625	599857.6875	2931.354736328125	4604.98779296875	558	518	558	518	3	0		0
654	530	524561.75	5342.0361328125	599998.9375	2233.115234375	3540.38818359375	558	518	558	518	3	0		0
655	530	515084.875	7386.8271484375	595262.0625	2446.2294921875	3722.661865234375	558	518	558	518	3	0		0
657	530	352904.4375	13093.865234375	559088.5625	9908.5	12034.27734375	554	9	554	11	3	0		0
658	530	420884.09375	9505.787109375	469860.8125	8485.611328125	10797.3037109375	525	9	525	11	3	0		0
659	530	418191.25	5367.22119140625	536322.4375	5091.56005859375	6458.15673828125	554	9	554	11	3	0		0
660	530	420771.65625	4747.2861328125	546163.8125	5091.56005859375	6458.15673828125	554	9	554	11	3	0		0
661	530	363486.34375	13151.1865234375	507643.53125	7111.72705078125	9579.087890625	554	9	554	11	3	0		0
662	530	440430.34375	10012.7822265625	509485.625	3406.131591796875	4292.5771484375	554	538	554	11	3	0		0
663	530	530322.0	3023.96728515625	536448.5625	6141.60546875	7351.60400390625	539	553	539	553	3	0		0
666	530	506645.4375	4617.25390625	465269.03125	9799.18359375	10262.4453125	552	209	552	209	3	0		0
667	530	508660.46875	4310.9130859375	455769.0	5723.3671875	6095.37646484375	552	209	552	209	3	0		0
668	530	497460.71875	4844.19970703125	468157.625	5951.35693359375	6439.24072265625	552	209	552	209	3	0		0
669	530	506125.59375	12387.40234375	465533.6875	4833.85546875	5642.01318359375	552	209	552	209	3	0		0
670	530	497348.90625	5992.5888671875	444466.75	3847.083740234375	5157.80517578125	520	553	520	553	3	0		0
671	530	500967.75	6135.943359375	444978.5	3864.909423828125	5157.80517578125	520	553	520	553	3	0		0
672	530	492136.0625	5903.568359375	455220.0	4014.141845703125	5478.33935546875	520	553	520	553	3	0		0
673	530	508402.6875	5130.6025390625	489104.375	7080.1396484375	7320.2451171875	552	209	552	209	3	0		0
674	530	517516.40625	5323.69677734375	497231.0	3661.166015625	4375.74755859375	520	553	520	553	3	0		0
675	530	517506.125	5678.60107421875	491884.3125	1847.758056640625	2443.9697265625	520	553	520	553	3	0		0
676	530	537276.5	2730.94482421875	533753.3125	8176.2734375	9559.974609375	539	553	539	553	3	0		0
677	530	539937.3125	3233.1005859375	524750.3125	5865.3115234375	6835.630859375	539	553	539	553	3	0		0
681	530	444946.6875	5559.703125	545614.25	13331.634765625	16417.392578125	504	9	504	11	3	0		0
682	530	608414.875	2581.22998046875	803332.9375	15714.5908203125	18917.13671875	513	526	513	526	3	0		0
683	530	502708.3125	12146.798828125	757399.0	10789.6484375	12946.7392578125	435	441	435	441	3	0		0
694	530	502878.1875	1820.988037109375	720536.8125	6456.4072265625	8219.056640625	559	526	547	526	3	0		0
695	530	490256.8125	8.2339506149292	721279.5625	4127.177734375	6664.98828125	435	441	435	441	3	0		0
702	530	516062.40625	4068.908447265625	732134.125	12695.359375	14526.95703125	563	526	563	526	3	0		0
703	530	523063.46875	5328.4521484375	716020.125	13929.8251953125	16189.06640625	563	526	563	526	3	0		0
704	530	535667.125	3755.9287109375	700414.1875	8808.4716796875	13616.4140625	547	526	547	526	3	0		0
709	530	516585.84375	4092.554931640625	505615.5625	1597.1943359375	2186.99462890625	520	553	520	553	3	0		0
710	530	518182.9375	5621.416015625	490348.5	1597.1943359375	2186.99462890625	520	553	520	553	3	0		0
718	530	478507.03125	5792.05078125	512891.625	26186.251953125	30022.75390625	508	553	508	553	3	0		0
721	530	443501.0	8639.34765625	488107.65625	13224.1416015625	16380.1767578125	438	9	438	11	3	0		0
722	540	0.0	0.0	0.0	10.201000213623047	12.050890922546387	384	9	384	11	3	0		0
723	530	275866.6875	2446.37646484375	678830.125	3151.41650390625	4031.915771484375	555	519	555	519	3	0		0
729	560	0.0	0.0	0.0	9.643213272094727	10.0	122	123	10	123	3	0		0
730	560	534647.8125	6071.708984375	530605.125	31564.40625	32422.55078125	557	123	557	123	3	0		0
732	560	534870.4375	4540.96923828125	550587.875	31564.40625	32422.55078125	557	123	557	123	3	0		0
734	530	412560.3125	9556.61328125	551829.625	3380.35205078125	4698.96435546875	560	9	560	11	3	0		0
735	530	415038.875	9750.90625	556669.5	4528.966796875	5659.51318359375	560	9	560	11	3	0		0
736	530	421424.59375	9610.4541015625	556385.0625	4399.52978515625	5096.67626953125	560	9	560	11	3	0		0
737	530	426508.40625	9610.02734375	554891.375	3725.17041015625	4812.248046875	560	9	560	11	3	0		0
742	530	457415.0	-334.57757568359375	759828.5625	11060.8271484375	15961.52734375	500	441	500	441	3	0		0
743	530	522213.96875	3244.273193359375	751536.3125	4491.68798828125	7184.2294921875	566	9	566	11	3	0		0
744	530	522358.96875	5254.8330078125	758767.1875	4491.68798828125	7184.2294921875	566	9	566	11	3	0		0
745	530	554881.1875	5894.1669921875	773539.5	3757.797607421875	5016.21630859375	567	9	567	11	3	0		0
747	530	438516.6875	9641.0537109375	482983.09375	4123.1064453125	5420.90087890625	568	9	568	11	3	0		0
750	530	411256.40625	667.064453125	759631.75	9469.9267578125	12900.158203125	500	441	500	441	3	0		0
751	530	390027.53125	-1156.1824951171875	762864.0	13386.798828125	17055.109375	435	441	435	441	3	0		0
752	571	0.0	0.0	0.0	32.58148956298828	46.13813018798828	569	648	569	648	3	0		0
753	560	593093.8125	-5998.5029296875	604070.75	30643.232421875	32722.537109375	557	557	557	557	3	0		0
754	560	566441.875	-2411.674072265625	585042.1875	20143.330078125	23385.0390625	557	557	557	557	3	0		0
755	530	436394.6875	-3753.116455078125	735553.1875	7860.12158203125	9113.6904296875	570	9	570	11	3	0		0
764	530	463117.3125	166.31898498535156	778242.625	14698.29296875	16518.53125	500	9	500	11	3	0		0
765	530	461585.625	124.87837219238281	751941.5	2304.36669921875	3056.558349609375	565	441	564	441	3	0		0
766	530	463290.71875	-169.33084106445312	754674.4375	2304.36669921875	3056.558349609375	565	441	564	441	3	0		0
767	530	500701.875	97.63748168945312	698011.4375	1959.96728515625	2269.802978515625	511	441	511	441	3	0		0
769	530	502586.25	451.0701904296875	696959.8125	2149.176513671875	2574.959228515625	511	441	511	441	3	0		0
770	530	500118.78125	69.47091674804688	701139.25	1377.575927734375	1629.257568359375	511	441	511	441	3	0		0
772	530	503144.0	3967.69384765625	696776.375	2149.176513671875	2574.959228515625	511	441	511	441	3	0		0
773	530	527212.0625	2852.9521484375	749539.625	2424.14013671875	3191.01416015625	566	9	566	11	3	0		0
774	530	518697.84375	2878.184814453125	712544.9375	3352.411376953125	3878.68017578125	446	9	446	11	3	0		0
775	530	522974.5	2698.65771484375	712751.5625	3346.102294921875	3778.0185546875	446	9	446	11	3	0		0
777	530	526833.8125	3319.1630859375	714231.5625	2447.726318359375	3028.09228515625	446	9	446	11	3	0		0
778	530	529925.1875	3341.384521484375	715336.375	2141.4521484375	2829.418212890625	446	9	446	11	3	0		0
779	530	533059.875	3358.1015625	715886.625	2141.4521484375	2829.418212890625	446	9	446	11	3	0		0
780	530	536498.0	4133.4560546875	714750.8125	2141.4521484375	2829.418212890625	446	9	446	11	3	0		0
781	530	539475.75	4220.107421875	712750.25	2141.4521484375	2829.418212890625	446	9	446	11	3	0		0
782	530	543248.3125	6057.59765625	714147.4375	3461.526611328125	4020.727783203125	446	9	446	11	3	0		0
783	530	523830.5	3358.067138671875	712531.5625	1311.3636474609375	1451.6192626953125	446	9	446	11	3	0		0
784	530	553579.75	6122.2724609375	776642.5625	3757.797607421875	5016.21630859375	567	9	567	11	3	0		0
793	530	435065.125	9602.6640625	471080.53125	5898.60107421875	7729.64404296875	525	225	525	225	3	0		0
794	530	403191.40625	-797.6944580078125	738078.125	10879.783203125	16263.4150390625	500	9	500	11	3	0		0
796	530	388829.0	-844.4309692382812	739697.8125	6886.0556640625	9427.451171875	500	9	500	11	3	0		0
797	530	428857.125	-478.915771484375	716171.6875	5864.85302734375	8680.626953125	500	9	500	11	3	0		0
798	530	456926.125	-535.2442016601562	744196.0625	7714.27490234375	10090.8564453125	500	9	500	11	3	0		0
799	530	466980.84375	125.0878677368164	731351.4375	4181.8388671875	5485.20849609375	500	9	500	11	3	0		0
803	530	265258.0	7227.451171875	665639.5625	6926.2783203125	10460.9287109375	575	491	575	491	3	0		0
809	530	534499.0625	2295.238525390625	728283.3125	958.1739501953125	1302.2777099609375	566	9	566	11	3	0		0
810	530	533700.5625	2212.67431640625	726915.25	1026.2457275390625	1193.4404296875	566	9	566	11	3	0		0
811	530	533168.6875	2336.256591796875	725458.6875	1026.2457275390625	1193.4404296875	566	9	566	11	3	0		0
812	530	533590.3125	2339.2421875	724187.3125	1026.2457275390625	1193.4404296875	566	9	566	11	3	0		0
813	530	534962.875	2405.460205078125	724442.625	1026.2457275390625	1193.4404296875	566	9	566	11	3	0		0
814	530	535067.1875	2266.3173828125	726330.125	1026.2457275390625	1193.4404296875	566	9	566	11	3	0		0
815	530	536210.0625	2684.580322265625	725010.6875	1026.2457275390625	1193.4404296875	566	9	566	11	3	0		0
816	530	537788.25	2907.415283203125	726047.5	1026.2457275390625	1414.833251953125	566	9	566	11	3	0		0
817	530	537126.25	2968.223388671875	724335.75	1026.2457275390625	1193.4404296875	566	9	566	11	3	0		0
818	530	538037.25	3190.1474609375	723066.4375	1026.2457275390625	1193.4404296875	566	9	566	11	3	0		0
819	530	539836.3125	3433.496826171875	723018.1875	1026.2457275390625	1193.4404296875	566	9	566	11	3	0		0
820	530	541875.125	3482.8642578125	723003.75	1973.7786865234375	2506.843017578125	566	9	566	11	3	0		0
821	530	536248.625	2582.520751953125	727456.25	958.1739501953125	1302.2777099609375	566	9	566	11	3	0		0
825	571	646944.1875	19930.203125	468694.03125	460.77130126953125	460.77130126953125	792	648	792	648	3	0		0
828	451	432703.46875	-671.139404296875	487782.25	28191.447265625	31158.19140625	586	586	582	615	3	0		0
833	530	413720.40625	-46.2980842590332	488081.53125	2749.1708984375	3954.059326171875	587	9	10	11	3	0		0
835	451	653544.875	-5499.87353515625	558281.5	20072.76953125	22365.978515625	579	9	10	11	3	0		0
836	451	665848.625	749.5040283203125	475713.75	15889.880859375	19357.326171875	579	9	10	11	3	0		0
862	571	814728.625	27640.009765625	586960.25	108.63320922851562	118.67149353027344	589	593	678	593	3	0		0
866	451	574134.0	-2519.052001953125	801608.75	69096.484375	75262.2265625	766	9	579	11	3	0		0
867	451	683565.5	-5136.21875	574343.0	8447.14453125	9473.40625	594	9	594	11	3	0		0
868	451	682422.8125	-5609.23974609375	562061.875	8447.14453125	9473.40625	594	9	594	11	3	0		0
869	451	681808.625	-7514.82177734375	549621.625	8447.14453125	9473.40625	594	9	594	11	3	0		0
874	451	625609.25	8479.3310546875	412447.03125	12485.2333984375	14204.6572265625	596	9	597	11	3	0		0
879	451	588313.875	9374.712890625	395521.90625	21445.25	23971.677734375	599	602	599	602	3	0		0
880	530	412309.875	9642.7919921875	470041.625	8485.611328125	10797.3037109375	525	9	525	11	3	0		0
881	451	498916.90625	110.73045349121094	479885.0625	21535.779296875	28335.8359375	600	9	600	11	3	0		0
882	530	355347.15625	13133.484375	522873.78125	7537.21875	9075.359375	525	9	525	11	3	0		0
883	530	354999.9375	13187.3134765625	533177.875	7537.21875	9075.359375	525	9	525	11	3	0		0
884	530	352467.90625	13123.982421875	542284.0	4590.04931640625	6766.728515625	525	9	525	11	3	0		0
885	451	937204.75	5248.44091796875	725431.5625	17998.19140625	20095.224609375	601	9	601	11	3	0		0
886	451	580139.6875	9908.1142578125	494665.25	4982.9306640625	7377.99072265625	589	9	589	11	3	0		0
887	451	565384.5	-8498.3251953125	929565.6875	42333.33203125	50740.390625	579	9	579	11	3	0		0
888	451	664705.4375	1791.0810546875	931842.375	19619.001953125	23113.123046875	599	602	599	11	3	0		0
890	572	554291.125	1161.501953125	568209.3125	37752.14453125	40006.79296875	605	9	605	11	3	0		0
891	571	773708.75	5853.96337890625	577375.625	4584.4228515625	6689.59619140625	646	647	646	647	3	0		0
892	571	773505.4375	5920.03857421875	582877.5	4549.55517578125	7852.072265625	646	647	646	647	3	0		0
893	451	688751.875	-67.02117156982422	922026.25	19668.0390625	25383.291015625	608	602	608	11	3	0		0
895	451	465949.3125	8109.201171875	990356.125	27497.951171875	29648.333984375	612	9	612	11	3	0		0
911	451	797000.625	-724.3837280273438	893273.375	33798.40625	35711.7734375	614	581	614	581	3	0		0
912	571	779152.5625	8200.4423828125	598806.0625	4815.88330078125	6717.7626953125	646	647	646	647	3	0		0
914	571	447564.09375	17545.490234375	473785.125	210.86309814453125	215.7490234375	616	648	616	648	3	0		0
959	571	701965.6875	12413.7080078125	499756.59375	323.87078857421875	323.87078857421875	672	782	672	782	3	0		0
987	451	583643.8125	9803.47265625	454571.1875	19254.826171875	32983.8984375	652	613	610	610	3	0		0
1236	451	656237.0625	334.6277770996094	699799.4375	21101.560546875	25790.32421875	645	9	645	11	3	0		0
1237	451	598784.75	277.0784606933594	629979.1875	35197.36328125	35197.36328125	645	9	645	11	3	0		0
1239	571	753123.3125	5814.8251953125	576834.1875	4736.85888671875	6660.08544921875	650	593	650	593	3	0		0
1243	451	1192299.375	238.40672302246094	1986.1971435546875	46.815677642822266	903.7384643554688	8	9	10	11	3	0		0
1368	573	562618.875	-10.187156677246094	444567.53125	377.3541564941406	1195.687255859375	8	9	10	11	3	0		0
1369	573	562486.5625	2134.411376953125	446477.59375	491.1038513183594	671.739990234375	8	9	10	11	3	0		0
1370	573	593669.5	0.00024300000222865492	473535.375	5.0	393.85650634765625	8	9	10	11	3	0		0
1374	571	776828.6875	7477.51953125	541553.125	1888.2034912109375	3274.05029296875	653	648	653	648	3	0		0
1386	571	490559.65625	2662.643798828125	481412.15625	17078.015625	23777.890625	732	648	732	648	3	0		0
1400	580	0.0	0.0	0.0	411.9012756347656	671.7808227539062	379	9	503	11	2	0		0
1401	580	573742.625	3243.298095703125	563160.75	2130.509521484375	2219.3291015625	657	9	10	11	3	0		0
1402	580	571478.0625	3003.434326171875	564281.375	961.7926025390625	1576.28369140625	657	9	10	11	3	0		0
1403	580	572506.1875	3239.25634765625	565628.9375	1135.4083251953125	1504.3017578125	657	9	10	11	3	0		0
1404	580	566142.125	919.45751953125	559601.5625	2599.861083984375	3918.967041015625	658	9	10	11	3	0		0
1406	571	763122.0	9853.177734375	552863.75	5012.60205078125	6002.81689453125	661	593	661	593	3	0		0
1407	571	763740.375	7769.021484375	546028.8125	5012.60205078125	7547.90869140625	661	593	661	593	3	0		0
1408	571	798348.8125	8524.3193359375	535665.6875	1742.8057861328125	2603.325927734375	664	9	664	11	3	0		0
1409	571	814335.6875	6704.06640625	579834.375	4724.84619140625	7907.314453125	661	593	661	593	3	0		0
1410	571	805625.9375	6461.86669921875	560730.0	3554.290771484375	6160.07080078125	661	593	661	593	3	0		0
1411	571	728622.5625	5914.95166015625	531245.0625	6084.9755859375	8796.6875	665	9	665	11	3	0		0
1414	571	743336.5	1076.35986328125	556642.9375	3485.387451171875	4516.82861328125	666	593	666	593	3	0		0
1417	571	738357.0	2793.736083984375	553553.6875	1705.4034423828125	2222.174072265625	666	9	666	11	3	0		0
1423	571	738411.0	1900.361083984375	557341.0	3485.387451171875	4516.82861328125	666	593	666	593	3	0		0
1424	571	731905.3125	539.9979248046875	557956.625	4092.99853515625	4854.42138671875	666	593	666	593	3	0		0
1425	571	733650.0	1413.31591796875	552801.375	2990.024658203125	3392.845458984375	666	9	666	11	3	0		0
1426	571	738988.5625	1381.6265869140625	560163.8125	3106.85791015625	3821.27001953125	666	9	666	11	3	0		0
1427	451	271680.09375	0.0006859999848529696	584100.375	1195.648193359375	1849.277587890625	668	9	10	11	3	0		0
1435	571	747734.875	5622.048828125	574613.5	4736.85888671875	6660.08544921875	650	593	650	593	3	0		0
1436	571	833891.4375	612.3434448242188	547003.4375	5198.93505859375	8173.8798828125	669	593	669	593	3	0		0
1447	573	563164.125	-45.0799446105957	445918.375	5.0	872.8624877929688	8	9	10	11	3	0		0
1448	573	562329.5625	80.56771087646484	446811.9375	100.0	500.0	8	9	10	11	3	0		0
1450	573	563325.3125	-85.70222473144531	445817.875	100.0	500.0	8	9	10	11	3	0		0
1452	574	0.0	0.0	0.0	5.0	158.44378662109375	589	593	589	593	3	0		0
1453	571	750246.375	-34261.79296875	514087.28125	3619.326904296875	3619.326904296875	671	9	671	11	3	0		0
1455	451	968006.4375	130.4898681640625	404630.53125	19424.3671875	21246.30859375	673	9	673	11	3	0		0
1457	451	887267.8125	2712.69970703125	868590.75	4311.541015625	5745.71240234375	674	9	10	11	3	0		0
1458	451	904975.8125	2705.6220703125	868714.75	4605.31396484375	6045.86328125	675	9	10	11	3	0		0
1483	451	297952.8125	24.906383514404297	684290.625	2495.6337890625	5528.23486328125	677	9	677	11	3	0		0
1484	585	0.0	0.0	0.0	10.040776252746582	10.040776252746582	655	9	655	11	3	0		0
1486	451	935992.0625	324.03863525390625	408132.75	19424.3671875	21246.30859375	683	9	673	11	3	0		0
1487	575	0.0	0.0	0.0	26.438262939453125	29.213285446166992	678	9	678	11	3	0		0
1496	451	318348.75	4654.9921875	635562.1875	13112.2607421875	13540.0087890625	655	9	10	11	3	0		0
1501	571	1083368.5	4878.2431640625	965532.375	5654.07080078125	6897.70361328125	792	705	792	705	3	0		0
1502	571	560816.125	4807.5185546875	457401.0625	3335.017822265625	5532.07861328125	681	9	681	11	3	0		0
1503	571	563945.8125	5140.275390625	456803.34375	2056.4267578125	4292.77392578125	681	9	681	11	3	0		0
1504	451	938341.0625	4975.912109375	381227.09375	19424.3671875	21246.30859375	683	9	673	11	3	0		0
1505	571	562315.375	343.83209228515625	423006.75	4951.83984375	8199.5205078125	682	9	10	11	3	0		0
1506	571	564935.0625	520.7619018554688	428785.375	4951.83984375	8199.5205078125	682	9	10	11	3	0		0
1585	451	48599.79296875	1758.32763671875	30559.25	487.1884765625	689.4193115234375	2	9	10	11	3	0		0
1586	451	45958.421875	1268.43115234375	30724.318359375	487.1884765625	689.4193115234375	8	9	10	11	3	0		0
1589	571	706364.5	25894.7578125	416086.0	339.2202453613281	339.2202453613281	683	783	683	783	3	0		0
1600	451	635240.1875	-0.0001720000000204891	599430.6875	6197.07470703125	8016.0517578125	8	9	10	11	3	0		0
1601	451	636755.4375	0.0006680000224150717	597222.6875	2720.53173828125	3760.1103515625	8	9	10	11	3	0		0
1606	530	869699.75	766.4856567382812	175374.0	9935.0615234375	11873.6181640625	686	380	687	380	2	0		0
1607	595	0.0	0.0	0.0	157.4841766357422	419.8900146484375	690	387	691	387	4	0		0
1609	451	409435.125	-7925.8701171875	988472.375	38162.546875	42347.12890625	618	9	10	11	3	0		0
1610	597	0.0	0.0	0.0	1722.1915283203125	2367.830810546875	694	693	693	693	694	0		0
1617	451	579823.6875	30910.990234375	190919.3125	127511.3828125	142004.46875	700	699	699	699	3	0		0
1618	451	890075.1875	9372.7724609375	210634.25	139363.53125	140420.140625	700	699	699	699	3	0		0
1619	451	330366.78125	9938.943359375	216125.671875	116066.0234375	151329.71875	700	699	699	699	3	0		0
1620	451	348200.8125	11302.8271484375	992552.9375	2909.0439453125	4598.9697265625	701	9	10	11	3	0		0
1631	571	738023.0	13530.5634765625	387926.65625	19345.708984375	26970.060546875	703	783	703	783	3	0		0
1633	571	778159.6875	15871.1572265625	360212.78125	20391.23046875	27784.9921875	755	783	805	783	3	0		0
1635	451	507751.0625	1503.394287109375	1004258.375	14886.697265625	16026.5673828125	683	9	10	11	3	0		0
1636	571	762102.0625	13530.5615234375	407833.65625	22460.193359375	28914.810546875	703	783	703	783	3	0		0
1638	571	565711.5	4657.40087890625	504530.28125	7106.4765625	9259.2109375	792	705	792	705	3	0		0
1639	598	0.0	0.0	0.0	109.08000946044922	1944.4908447265625	379	380	503	380	2	0		0
1640	451	395011.15625	2061.51953125	929508.1875	14743.765625	29343.3671875	708	708	712	698	3	0		0
1642	451	300540.03125	2.245474100112915	852251.125	13312.50390625	16237.4140625	710	708	708	11	3	0		0
1643	571	612533.5	-67.22740936279297	513169.4375	5212.869140625	6432.88720703125	711	593	711	593	3	0		0
1644	571	687335.3125	11733.119140625	391987.5625	5156.244140625	8610.0107421875	704	783	704	783	3	0		0
1645	571	674426.0	11905.962890625	428208.34375	4133.84912109375	5578.46044921875	704	783	704	783	3	0		0
1646	451	425847.21875	911.3358154296875	919869.875	23184.8125	32419.904296875	708	9	10	11	3	0		0
1647	451	259880.6875	1989.451904296875	853005.0	9691.0380859375	13129.1796875	710	9	10	11	3	0		0
1648	571	629001.5	4040.7529296875	466544.1875	4912.8662109375	5959.32177734375	717	715	715	715	3	0		0
1673	595	550687.5	4861.22998046875	524437.6875	3515.1142578125	4301.27587890625	720	9	720	11	3	0		0
1674	571	626946.875	4704.29248046875	512112.4375	5940.25390625	8271.5810546875	735	648	735	648	3	0		0
1677	451	1201498.625	0.00013699999544769526	1200953.625	723.13427734375	991.7042236328125	701	9	10	11	3	0		0
1679	571	595786.875	696.6876220703125	502831.03125	5725.39794921875	7005.75048828125	726	9	726	11	3	0		0
1680	451	1209984.75	7075.92724609375	112829.609375	21681.744140625	23883.53125	379	9	379	11	3	0		0
1681	571	580052.5625	2029.4677734375	478701.96875	8425.0009765625	10994.640625	729	730	729	11	3	0		0
1682	451	967240.8125	0.00022699999681208283	276543.21875	25807.392578125	34193.66015625	650	9	10	11	3	0		0
1686	585	644158.1875	-2457.2294921875	614739.1875	7385.6962890625	9107.619140625	686	9	687	11	3	0		0
1687	580	592195.625	903.5985717773438	560698.125	7024.22265625	8806.3310546875	686	9	686	11	3	0		0
1688	571	406414.5	-2585.841796875	434964.375	11465.212890625	14024.4208984375	723	9	723	11	3	0		0
1689	571	416956.5625	-1521.753173828125	442510.375	5794.40576171875	8125.32666015625	723	9	723	11	3	0		0
1690	571	400599.3125	-1737.48828125	410862.1875	10431.1083984375	13465.958984375	723	739	723	739	3	0		0
1691	571	596257.125	-263.7142639160156	459555.75	4497.017578125	5809.49169921875	737	9	737	11	3	0		0
1694	571	524496.0	-546.80126953125	493844.15625	6452.4296875	8053.13134765625	726	9	726	11	3	0		0
1697	578	0.0	0.0	0.0	803.0574951171875	803.0574951171875	820	9	820	11	3	0		0
1698	571	460607.53125	-1719.007080078125	386761.0	4227.56689453125	5237.8291015625	743	807	743	807	3	0		0
1699	571	452114.65625	-1514.9610595703125	378192.09375	2572.478759765625	3526.6767578125	743	807	743	807	3	0		0
1700	571	415057.21875	-3243.0263671875	430759.0	3116.349853515625	3963.89990234375	744	739	744	739	3	0		0
1701	571	534956.6875	4566.13330078125	473053.6875	11231.166015625	14415.953125	745	747	745	747	3	0		0
1702	451	258869.109375	-3.899999865097925e-05	644396.875	7028.35107421875	8777.5361328125	746	9	746	11	3	0		0
1703	571	576310.5625	2489.95947265625	349945.125	819.400634765625	819.400634765625	748	648	779	648	3	0		0
1704	571	685458.0625	7433.1357421875	462305.6875	3966.052001953125	5184.11083984375	749	782	749	782	3	0		0
1708	451	84636.09375	17997.712890625	657321.625	50565.81640625	55935.08203125	748	9	748	11	3	0		0
1709	451	82106.328125	26281.37109375	720957.8125	54286.8515625	64284.2734375	748	9	748	11	3	0		0
1710	451	80647.125	23426.482421875	813044.6875	55090.7109375	63534.1953125	748	9	748	11	3	0		0
1711	600	0.0	0.0	0.0	9.702988624572754	22.41461944580078	754	9	683	11	3	0		0
1730	571	363079.625	16471.962890625	474827.0	24414.46484375	26112.44921875	660	9	660	11	3	0		0
1733	451	47767.7109375	1333.6116943359375	28439.34375	498.0595397949219	498.0595397949219	701	9	10	11	3	0		0
1740	571	614564.5625	16024.3154296875	417372.40625	178.08306884765625	178.08306884765625	765	796	765	796	3	0		0
1747	451	1008085.5	-3.099999958067201e-05	1200961.5	33.11927032470703	4591.20849609375	8	9	10	11	3	0		0
1752	451	553215.0	4226.8916015625	738210.625	18808.98828125	21709.216796875	8	9	10	11	3	0		0
1753	451	662404.875	-4.012041091918945	662211.5	10810.3447265625	11389.123046875	763	9	10	11	3	0		0
1761	451	469669.625	-41165.890625	797723.6875	64651.28125	423275.90625	579	9	579	11	3	0		0
1763	0	832692.1875	2992.30224609375	545634.0625	46080.0	59513.0	56	37	444	37	4	0		0
1764	609	806303.8125	2651.77685546875	554154.625	5428.4833984375	7437.109375	776	33	776	33	3	775		0
1766	609	828800.25	4557.0224609375	556538.25	18286.77734375	21453.798828125	12	33	12	33	3	775		0
1767	609	833969.9375	916.5753784179688	541949.8125	18286.77734375	21453.798828125	12	33	12	33	3	775		0
1768	609	0.0	0.0	0.0	56.214141845703125	438.5890808105469	56	45	56	45	3	775		0
1769	615	0.0	0.0	0.0	102.01251983642578	173.46156311035156	767	9	10	11	3	0		0
1771	609	815224.25	17858.142578125	526100.0625	8941.7548828125	10883.1806640625	748	9	10	11	3	0		0
1773	616	0.0	0.0	0.0	23262.19140625	30725.8828125	8	9	8	11	3	8		0
1775	571	596329.375	14594.8212890625	372269.65625	8101.279296875	9128.9853515625	774	9	774	11	3	0		0
1777	571	652257.9375	51300.203125	352937.28125	485.7882385253906	492.1415710449219	810	9	810	11	3	810		0
1778	609	820136.0	6961.67236328125	500351.40625	7941.69140625	8990.212890625	775	9	775	11	3	0		0
1780	571	438097.125	-285.9393005371094	377071.15625	4199.32421875	5579.0205078125	650	739	650	739	3	777		0
1781	571	382122.9375	1563.3697509765625	528116.75	3326.770263671875	4121.5234375	778	9	778	11	3	0		0
1782	571	381458.4375	1508.00537109375	523647.6875	3206.851318359375	3968.989501953125	778	9	778	11	3	0		0
1783	571	380469.875	1518.385986328125	518809.28125	3541.774658203125	4256.22998046875	778	9	778	11	3	0		0
1784	571	383065.375	1636.8291015625	530488.8125	3326.770263671875	4121.5234375	778	9	778	11	3	0		0
1786	571	493124.5625	24844.22265625	372541.03125	10741.9736328125	13482.0908203125	774	9	774	11	3	0		0
1789	619	0.0	0.0	0.0	99.00250244140625	119.27098846435547	811	9	795	11	3	0		0
1790	571	545630.5	4782.439453125	417450.78125	262.9593505859375	309.12841796875	748	9	10	11	3	0		0
1792	571	497298.25	24355.064453125	440945.375	281.0640869140625	281.0640869140625	588	785	788	786	3	0		0
1794	607	0.0	0.0	0.0	100.5	231.6203155517578	790	782	791	782	3	0		0
1796	571	444585.125	11889.208984375	415244.6875	208.66937255859375	209.5908203125	789	739	789	739	3	0		0
1797	571	424898.1875	-4969.2294921875	418564.8125	9319.751953125	12125.017578125	781	739	781	739	3	0		0
1798	571	435393.15625	-4817.69091796875	407504.0	5271.47509765625	7808.5458984375	781	739	781	739	3	0		0
1800	571	432926.5	-4894.4404296875	426573.21875	4484.150390625	6790.0224609375	781	739	781	739	3	0		0
1802	571	590413.75	27916.71484375	405705.3125	14587.4365234375	17163.287109375	793	794	793	794	3	0		0
1803	571	439879.75	-5084.6103515625	428100.625	3770.0458984375	5202.5380859375	781	739	781	739	3	0		0
1804	571	446171.34375	-4805.44091796875	426482.875	3770.0458984375	5202.5380859375	781	739	781	739	3	0		0
1805	571	449778.59375	-4663.59228515625	418827.3125	3770.0458984375	5202.5380859375	781	739	781	739	3	0		0
1806	571	447515.875	-4916.2900390625	408415.25	5271.47509765625	7808.5458984375	781	739	781	739	3	0		0
1809	571	604752.9375	5826.4462890625	412946.75	9415.080078125	12732.0009765625	797	796	797	796	3	0		0
1810	571	592896.875	5654.419921875	405484.4375	6042.27783203125	8255.982421875	797	796	797	796	3	0		0
1811	571	580982.8125	5295.84423828125	397882.65625	9671.326171875	11866.0947265625	797	796	797	796	3	0		0
1812	571	579868.125	5716.80908203125	404355.25	9671.326171875	11866.0947265625	797	796	797	796	3	0		0
1813	571	535604.0	33742.4375	397171.3125	26452.525390625	29713.041015625	808	9	10	11	3	806		0
1814	609	815987.9375	-1358.32275390625	521639.53125	11630.19921875	13994.3232421875	12	33	12	33	3	775		0
1815	609	808571.125	5786.7197265625	514085.0	5767.78466796875	8195.1826171875	12	33	12	33	3	775		0
1816	609	839314.125	-881.2911376953125	513459.25	18286.77734375	21453.798828125	12	33	12	33	3	775		0
1817	571	438147.21875	4679.8212890625	339370.46875	12881.951171875	15867.033203125	735	705	735	705	3	0		0
1818	571	631522.1875	30546.302734375	336886.65625	371.3739929199219	509.3773193359375	700	9	800	11	3	810		0
1821	571	764621.5625	9664.7724609375	432718.0	6224.794921875	9145.4580078125	703	783	703	783	3	0		0
1822	616	583144.8125	-217.62310791015625	564661.5625	12337.8203125	14779.578125	801	9	801	11	3	0		0
1823	616	544046.8125	769.533447265625	605838.375	12567.00390625	14715.328125	802	9	802	11	3	0		0
1824	616	592758.4375	-0.0016799999866634607	594770.1875	13030.8427734375	15145.2451171875	803	9	803	11	3	0		0
1825	616	570769.5625	-0.000375000003259629	610585.375	9885.564453125	11399.529296875	804	9	804	11	3	0		0
1826	601	0.0	0.0	0.0	33023.015625	35539.34375	812	9	10	11	3	0		0
1831	571	437743.53125	-1224.885009765625	382487.875	3758.55419921875	4884.29541015625	650	9	650	11	3	777		0
1832	571	752668.8125	13719.3662109375	439425.34375	3633.90283203125	4802.84619140625	813	9	813	11	3	0		0
1833	571	752825.75	12353.2646484375	443821.75	1748.1689453125	3097.51025390625	813	9	813	11	3	0		0
1834	618	0.0	0.0	0.0	78.49138641357422	810.6625366210938	192	9	192	11	3	0		0
1835	599	0.0	0.0	0.0	23.64107322692871	1937.9232177734375	810	9	810	11	3	0		0
1836	602	0.0	0.0	0.0	99.5	1079.739990234375	810	9	810	11	3	0		0
1838	595	583661.875	15453.1650390625	570467.5	16345.5390625	18558.734375	720	387	816	387	3	0		0
1839	595	602648.4375	3543.818115234375	535585.1875	21805.326171875	24420.060546875	720	387	816	387	3	0		0
1840	595	586732.25	3906.16748046875	545071.6875	7804.5283203125	10156.087890625	720	387	816	387	3	0		0
1841	595	559935.4375	3833.44970703125	563788.0	13093.9677734375	15668.607421875	720	387	816	387	3	0		0
1843	571	607109.4375	47233.88671875	346426.625	24092.732421875	27436.701171875	818	818	818	818	3	0		0
1845	571	731811.0625	31051.55859375	334434.0	9653.1357421875	13505.6640625	819	819	819	819	819	0		0
1846	571	745784.9375	6400.39599609375	516371.5625	10615.8447265625	13662.685546875	671	9	671	11	3	0		0
1847	571	767192.25	4864.28271484375	529909.4375	60.199485778808594	129.19041442871094	603	593	679	593	3	0		0
1848	571	476300.21875	12793.9609375	443435.15625	6277.91552734375	8681.4609375	821	9	821	11	3	0		0
1849	595	610310.375	15441.7109375	566693.9375	20104.767578125	21644.181640625	720	387	816	387	3	0		0
1850	595	556235.0	5723.7958984375	546383.8125	9161.91796875	11912.07421875	720	387	816	387	3	0		0
1851	595	607029.6875	3539.1884765625	548539.625	13723.517578125	15781.6591796875	720	387	816	387	3	0		0
1852	595	595275.1875	13122.9384765625	571101.0	13002.8134765625	14990.05078125	720	387	816	387	3	0		0
1853	595	570798.375	4192.31494140625	572195.0625	16327.1220703125	18378.0234375	720	387	816	387	3	0		0
1854	595	576526.5625	5403.36083984375	545232.125	6903.6572265625	8558.0927734375	720	387	816	387	3	0		0
1855	617	0.0	0.0	0.0	102.01251983642578	1673.76171875	8	9	8	11	3	0		0
1856	571	740826.5	10259.6201171875	433964.65625	4845.49267578125	8149.6640625	704	783	704	783	3	0		0
1857	571	509545.34375	15293.732421875	328628.5	10976.076171875	12794.84375	822	824	823	824	3	0		0
1858	571	500931.09375	24165.724609375	379358.78125	12325.5078125	14278.5361328125	774	9	774	11	3	0		0
1859	571	477638.5	5065.619140625	392127.90625	15076.8388671875	18445.677734375	743	807	743	807	3	0		0
1860	628	0.0	0.0	0.0	98.50749206542969	114.5580825805664	851	648	851	648	3	863		0
1861	603	615264.0625	15208.24609375	528604.625	9484.4482421875	11736.7490234375	828	739	828	739	3	0		0
1862	603	0.0	0.0	0.0	96.20142364501953	137.4716339111328	829	9	829	11	3	0		0
1868	571	582171.0	19677.146484375	309970.375	8994.7841796875	11177.1982421875	836	9	836	11	3	836		0
1869	603	605826.3125	14366.9931640625	593492.0	5214.798828125	7253.48583984375	837	327	837	327	3	0		0
1874	603	615721.625	15699.8515625	546253.125	6371.412109375	7234.0	841	739	841	739	3	0		0
1875	603	526784.1875	16176.4990234375	535326.4375	14393.552734375	17923.8046875	841	9	841	11	3	0		0
1876	603	595477.25	18085.84765625	530338.8125	8965.3369140625	11485.9638671875	841	9	841	11	3	0		0
1901	571	578325.0	5385.853515625	249975.546875	28979.689453125	35796.3359375	871	648	871	648	3	0		871
1902	649	0.0	0.0	0.0	101.95218658447266	312.125	836	648	836	648	3	836		0
1903	650	0.0	0.0	0.0	97.0372543334961	846.893798828125	836	648	836	648	3	836		0
1971	658	0.0	0.0	0.0	98.01495361328125	1666.69677734375	879	880	879	880	3	0		0
2488	631	0.0	0.0	0.0	25514.107421875	30829.62109375	905	9	905	11	3	0		0
2490	631	644024.0	-0.00016999999934341758	614287.75	20344.193359375	25314.00390625	894	9	894	11	3	902		0
2504	668	0.0	0.0	0.0	98.01495361328125	210.22959899902344	748	9	748	11	3	0		0
2505	631	704949.4375	37642.98046875	596899.9375	2924.32373046875	3227.83740234375	897	9	897	11	3	0		0
2508	631	706143.375	-0.0013650000328198075	529366.0625	20783.5546875	25355.8046875	902	9	902	11	3	0		0
2509	631	730531.25	-6.70000008540228e-05	579232.5625	22193.140625	27487.716796875	904	9	904	11	3	0		0
2538	724	0.0	0.0	0.0	98.49762725830078	357.7091064453125	917	730	917	730	3	0		0
